url;titre;description;mots;images;liens_internes;fichier_md
https://www.aurea-immobilier.fr/;immobilier | AUREA IMMOBILIER;AUREA IMMOBILIER;674;33;62;accueil.md
https://www.aurea-immobilier.fr/content/5/notre-agence.html;Notre agence | AUREA IMMOBILIER;AUREA IMMOBILIER;719;14;48;content-5-notre-agence.md
https://www.aurea-immobilier.fr/annonces/transaction/Vente.html;A vendre | AUREA IMMOBILIER;A vendre;948;78;96;annonces-transaction-vente.md
https://www.aurea-immobilier.fr/annonces/transaction/Location.html;A louer | AUREA IMMOBILIER;A louer;409;9;47;annonces-transaction-location.md
https://www.aurea-immobilier.fr/catalog/products_selled.php;Liste des biens archivés (vendus, loués, retirés de la vente...) - AUREA...;AUREA IMMOBILIER;600;27;73;catalog-products_selled.md
https://www.aurea-immobilier.fr/catalog/estimation.php;Estimation - AUREA IMMOBILIER;AUREA IMMOBILIER;456;5;39;catalog-estimation.md
https://www.aurea-immobilier.fr/fiches/4-40-26_60114296/maison-plain-pied-la-couture-boussey-4-pieces-90-m2.html;Maison plain-pied La Couture Boussey 4 pièces 90 m2;Maison plain-pied La Couture Boussey 4 pièces 90 m2 - Vincent Maume, en exclusivité chez AUREA IMMOBILIER vous présente Venez découvrir cette belle maison de type chalet...;1031;32;71;fiches-4-40-26_60114296-maison-plain-pied-la-couture-boussey-4-pieces-90-m2.md
https://www.aurea-immobilier.fr/fiches/3-32-37_61483159/appartement-lumineux-de-4-pieces-a-mantes-la-jolie.html;Appartement lumineux de 4 pièces à Mantes-la-Jolie;Appartement lumineux de 4 pièces à Mantes-la-Jolie - Vincent Maume, vous présente en exclusivité chez AUREA IMMOBILIER Situé à Mantes-la-Jolie, venez découvrir ce...;1151;27;66;fiches-3-32-37_61483159-appartement-lumineux-de-4-pieces-a-mantes-la-jolie.md
https://www.aurea-immobilier.fr/fiches/3-33-29_60609523/appartement-3-pieces-andresy.html;APPARTEMENT - 3 PIÈCES - ANDRÉSY;APPARTEMENT - 3 PIÈCES - ANDRÉSY - Oriane CHEREL, AUREA Immobilier, vous présente Idéalement situé à Andrésy, dans une résidence calme, proche de toutes les commodités...;1021;27;66;fiches-3-33-29_60609523-appartement-3-pieces-andresy.md
https://www.aurea-immobilier.fr/fiches/4-40-26_61452626/maison-familiale-8-pieces-mantes-la-ville.html;MAISON FAMILIALE - 8 PIÈCES - MANTES LA VILLE;MAISON FAMILIALE - 8 PIÈCES - MANTES LA VILLE - Oriane CHEREL, AUREA Immobilier, vous présente Idéalement située à Mantes-la-Ville, venez découvrir cette spacieuse...;1199;54;87;fiches-4-40-26_61452626-maison-familiale-8-pieces-mantes-la-ville.md
https://www.aurea-immobilier.fr/fiches/4-40-26_60185157/maison-5-pieces-3-chambres-a-mantes-la-jolie.html;Maison 5 pièces, 3 chambres à Mantes-la-Jolie;"Maison 5 pièces, 3 chambres à Mantes-la-Jolie - Vincent Maume et Zachary Denat vous présentent en exclusivité chez AUREA IMMOBILIER; A deux pas du centre ville de Mantes...";1188;50;83;fiches-4-40-26_60185157-maison-5-pieces-3-chambres-a-mantes-la-jolie.md
https://www.aurea-immobilier.fr/fiches/3-33-27_60992633/joli-studio-a-mantes-la-jolie-de-28-m2.html;Joli studio à Mantes-la-Jolie de 28 m2;Joli studio à Mantes-la-Jolie de 28 m2 - Vincent Maume, vous présente en exclusivité chez AUREA IMMOBILIER Situé à Mantes-la-Jolie, venez découvrir ce beau studio à...;1182;42;75;fiches-3-33-27_60992633-joli-studio-a-mantes-la-jolie-de-28-m2.md
https://www.aurea-immobilier.fr/fiches/4-40-26_59514626/maison-chatou-5pieces-rer-a.html;MAISON CHATOU - 5Pièces - RER A;MAISON CHATOU - 5Pièces - RER A - Hélène VERMEIRE BENZ, AUREA Immobilier, vous présente en exclusivité. Au coeur d'un quartier résidentiel familial de CHATOU, proche des...;1052;31;70;fiches-4-40-26_59514626-maison-chatou-5pieces-rer-a.md
https://www.aurea-immobilier.fr/fiches/3-33-29_60962717/appartement-mantes-la-jolie-gare.html;APPARTEMENT - MANTES LA JOLIE - GARE;APPARTEMENT - MANTES LA JOLIE - GARE - Oriane CHEREL, AUREA Immobilier, vous présente en exclusivité Idéalement situé à deux pas de la gare de Mantes-la-Jolie, découvrez...;1163;42;75;fiches-3-33-29_60962717-appartement-mantes-la-jolie-gare.md
https://www.aurea-immobilier.fr/fiches/4-40-26_60299040/maison-mericourt-4-pieces.html;MAISON - MÉRICOURT - 4 PIÈCES;MAISON - MÉRICOURT - 4 PIÈCES - Oriane CHEREL, AUREA Immobilier, vous présente en exclusivité Idéalement située à Méricourt, charmante maison alliant parfaitement le...;1239;48;81;fiches-4-40-26_60299040-maison-mericourt-4-pieces.md
https://www.aurea-immobilier.fr/catalog/contact_us.php?form=1;Nous contacter | AUREA IMMOBILIER;- Nous contacter;383;4;39;catalog-contact_us-fd5801.md
https://www.aurea-immobilier.fr/catalog/outils.php;Nos outils | AUREA IMMOBILIER;Découvrez dès à présent nos outils pour évaluer la faisabilité de vos projets.;578;3;39;catalog-outils.md
https://www.aurea-immobilier.fr/catalog/news.php;Actualités - AUREA IMMOBILIER;AUREA IMMOBILIER;212;3;39;catalog-news.md
https://www.aurea-immobilier.fr/catalog/account.php;Bienvenue, veuillez vous identifier - AUREA IMMOBILIER;AUREA IMMOBILIER;292;3;41;catalog-account.md
https://www.aurea-immobilier.fr/catalog/mentions.php;Mentions Légales - AUREA IMMOBILIER;AUREA IMMOBILIER;818;3;39;catalog-mentions.md
https://www.aurea-immobilier.fr/catalog/gdpr.php;RGPD - AUREA IMMOBILIER;AUREA IMMOBILIER;1993;5;41;catalog-gdpr.md
https://www.aurea-immobilier.fr/catalog/cookies-policy.php;Politique des cookies - AUREA IMMOBILIER;AUREA IMMOBILIER;953;3;39;catalog-cookies-policy.md
https://www.aurea-immobilier.fr/catalog/site_plan.php;Plan du site - AUREA IMMOBILIER;AUREA IMMOBILIER;339;37;99;catalog-site_plan.md
https://www.aurea-immobilier.fr/ville_bien/mantes+la+jolie__1__vente/immobilier-mantes-la-jolie.html;Achat / Vente Appartement mantes la jolie - Appartement a vendre à...;AUREA IMMOBILIER;637;30;63;ville_bien-mantes-la-jolie__1__vente-immobilier-mantes-la-jolie.md
https://www.aurea-immobilier.fr/ville_bien/mantes+la+jolie__2__vente/immobilier-mantes-la-jolie.html;Achat / Vente Maison mantes la jolie - Maison a vendre à mantes la jolie...;AUREA IMMOBILIER;592;24;58;ville_bien-mantes-la-jolie__2__vente-immobilier-mantes-la-jolie.md
https://www.aurea-immobilier.fr/ville_bien/mantes+la+ville__2__vente/immobilier-mantes-la-ville.html;Achat / Vente Maison mantes la ville - Maison a vendre à mantes la ville...;AUREA IMMOBILIER;562;21;56;ville_bien-mantes-la-ville__2__vente-immobilier-mantes-la-ville.md
https://www.aurea-immobilier.fr/ville_bien/vienne+en+arthies__2__vente/immobilier-vienne-en-arthies.html;Achat / Vente Maison vienne en arthies - Maison a vendre à vienne en...;AUREA IMMOBILIER;497;12;50;ville_bien-vienne-en-arthies__2__vente-immobilier-vienne-en-arthies.md
https://www.aurea-immobilier.fr/ville_bien/follainville+dennemont__2__vente/immobilier-follainville-dennemont.html;Achat / Vente Maison follainville dennemont - Maison a vendre à...;AUREA IMMOBILIER;452;9;48;ville_bien-follainville-dennemont__2__vente-immobilier-follainville-dennemont.md
https://www.aurea-immobilier.fr/ville_bien/bonnieres+sur+seine__2__vente/immobilier-bonnieres-sur-seine.html;Achat / Vente Maison bonnieres sur seine - Maison a vendre à bonnieres...;AUREA IMMOBILIER;467;9;48;ville_bien-bonnieres-sur-seine__2__vente-immobilier-bonnieres-sur-seine.md
https://www.aurea-immobilier.fr/catalog/cookies.php;Paramétrer vos cookies - AUREA IMMOBILIER;AUREA IMMOBILIER;281;3;39;catalog-cookies.md
https://www.aurea-immobilier.fr/annonces/agent/839239-helene-vermeire-benz.html;Annonces de Hélène VERMEIRE BENZ | AUREA IMMOBILIER;Annonces de Hélène VERMEIRE BENZ;733;51;73;annonces-agent-839239-helene-vermeire-benz.md
https://www.aurea-immobilier.fr/annonces/agent/839238-vincent-maume.html;Annonces de Vincent MAUME | AUREA IMMOBILIER;Annonces de Vincent MAUME;619;36;63;annonces-agent-839238-vincent-maume.md
https://www.aurea-immobilier.fr/annonces/agent/840371-oriane-cherel.html;Annonces de Oriane Cherel | AUREA IMMOBILIER;Annonces de Oriane Cherel;651;42;67;annonces-agent-840371-oriane-cherel.md
https://www.aurea-immobilier.fr/annonces/agent/839272-justine-vitry.html;Annonces de Justine Vitry | AUREA IMMOBILIER;Annonces de Justine Vitry;411;9;45;annonces-agent-839272-justine-vitry.md
https://www.aurea-immobilier.fr/annonces/agent/839273-natacha-laly.html;Annonces de Natacha Laly | AUREA IMMOBILIER;Annonces de Natacha Laly;402;9;45;annonces-agent-839273-natacha-laly.md
https://www.aurea-immobilier.fr/annonces/agent/847433-aimee-vaillant.html;Annonces de Aimée VAILLANT | AUREA IMMOBILIER;Annonces de Aimée VAILLANT;452;15;49;annonces-agent-847433-aimee-vaillant.md
https://www.aurea-immobilier.fr/annonces/agent/839241-evan-fernandes.html;Annonces de Evan FERNANDES | AUREA IMMOBILIER;Annonces de Evan FERNANDES;625;36;63;annonces-agent-839241-evan-fernandes.md
https://www.aurea-immobilier.fr/annonces/agent/869668-jill-thepaut.html;Annonces de Jill Thepaut | AUREA IMMOBILIER;Annonces de Jill Thepaut;387;6;43;annonces-agent-869668-jill-thepaut.md
https://www.aurea-immobilier.fr/annonces/transaction/contact_us.php?form=3;agences | AUREA IMMOBILIER;agences - AUREA IMMOBILIER;947;79;95;annonces-transaction-contact_us-ef1904.md
https://www.aurea-immobilier.fr/catalog/annonce.php;Recherche avancée - AUREA IMMOBILIER;AUREA IMMOBILIER;950;78;95;catalog-annonce.md
https://www.aurea-immobilier.fr/../annonces/transaction_____2/vente.html;A vendre | AUREA IMMOBILIER;A vendre;934;78;97;annonces-transaction_____2-vente.md
https://www.aurea-immobilier.fr/../annonces/transaction_____3/vente.html;A vendre | AUREA IMMOBILIER;A vendre;541;27;62;annonces-transaction_____3-vente.md
https://www.aurea-immobilier.fr/catalog/contact_us.php?form=3;Gestion locative | AUREA IMMOBILIER;- Gestion locative;566;5;39;catalog-contact_us-ef1904.md
https://www.aurea-immobilier.fr/fiches/_60160723/appartement-mantes-la-jolie-3-piece-s-57-92-m2.html;Appartement Mantes La Jolie 3 pièce(s) 57.92 m2;Appartement Mantes La Jolie 3 pièce(s) 57.92 m2 - Dimitri LEFEVRE, AUREA immobilier vous présente A seulement quelques pas du centre-ville , au 2ème étage d'une...;749;19;63;fiches-_60160723-appartement-mantes-la-jolie-3-piece-s-57-92-m2.md
https://www.aurea-immobilier.fr/fiches/_60906460/appartement-mantes-la-jolie-gare-2pieces.html;APPARTEMENT - MANTES LA JOLIE - GARE - 2Pièces;APPARTEMENT - MANTES LA JOLIE - GARE - 2Pièces - Evan FERNANDES, AUREA Immobilier, vous propose À Mantes-la-Jolie, à quelques pas des commodités, dans une résidence de...;724;16;60;fiches-_60906460-appartement-mantes-la-jolie-gare-2pieces.md
https://www.aurea-immobilier.fr/fiches/_60828276/appartement-mantes-la-jolie-bords-de-seine-3pieces.html;APPARTEMENT - MANTES LA JOLIE - BORDS DE SEINE - 3Pièces;APPARTEMENT - MANTES LA JOLIE - BORDS DE SEINE - 3Pièces - Evan FERNANDES, AUREA Immobilier, vous propose À Mantes-la-Jolie, au coeur d'une résidence privée et...;765;17;61;fiches-_60828276-appartement-mantes-la-jolie-bords-de-seine-3pieces.md
https://www.aurea-immobilier.fr/fiches/_58864209/maison-verneuil-sur-seine-5-pieces.html;MAISON - VERNEUIL SUR SEINE - 5 pIèces;"MAISON - VERNEUIL SUR SEINE - 5 pIèces - Aimée VAILLANT, AUREA Immobilier, vous propose en exclusivité ; Située sur les hauteurs de Verneuil sur Seine, cette agréable...";762;22;66;fiches-_58864209-maison-verneuil-sur-seine-5-pieces.md
https://www.aurea-immobilier.fr/fiches/_61507497/appartement-1-piece-s.html;Appartement  1 pièce(s);Appartement 1 pièce(s);598;16;59;fiches-_61507497-appartement-1-piece-s.md
https://www.aurea-immobilier.fr/fiches/_59083377/studio-refait-a-neuf-de-16-41m2-a-evreux.html;Studio refait à neuf de 16,41m2 à Evreux;Studio refait à neuf de 16,41m2 à Evreux - Vincent Maume, AUREA IMMOBILIER, vous présente en exclusivité Situé dans une rue calme et proche de toutes les commodités,...;779;14;57;fiches-_59083377-studio-refait-a-neuf-de-16-41m2-a-evreux.md
https://www.aurea-immobilier.fr/fiches/_61190328/appartement-2-pieces-47-54-m2-a-juziers.html;Appartement  2 pièces 47.54 m2 à JUZIERS;Appartement 2 pièces 47.54 m2 à JUZIERS - Vincent Maume, AUREA IMMOBILIER, vous présente en exclusivité Situé dans une rue calme et proche de l'ensemble des commodités...;741;18;61;fiches-_61190328-appartement-2-pieces-47-54-m2-a-juziers.md
https://www.aurea-immobilier.fr/fiches/_60655527/immeuble-de-rapport-sur-mantes-la-jolie.html;Immeuble de rapport sur Mantes-la-Jolie;Immeuble de rapport sur Mantes-la-Jolie - Vincent Maume, AUREA Immobilier, vous présente en exclusivité Au coeur du centre ville de Mantes-la-Jolie, à deux pas des...;726;20;64;fiches-_60655527-immeuble-de-rapport-sur-mantes-la-jolie.md
https://www.aurea-immobilier.fr/fiches/_58637843/appartement-mantes-la-jolie-4pieces.html;APPARTEMENT - MANTES LA JOLIE -  4Pièces;APPARTEMENT - MANTES LA JOLIE - 4Pièces - Evan FERNANDES, AUREA Immobilier, vous propose en exclusivité Bien vendu loué 1162 euros charges comprises. Un appartement de...;738;18;62;fiches-_58637843-appartement-mantes-la-jolie-4pieces.md
https://www.aurea-immobilier.fr/fiches/_58305605/maison-mantes-la-ville-110m2.html;Maison - Mantes La Ville - 110m2;Maison - Mantes La Ville - 110m2 - Zachary DENAT, Aurea immobilier vous propose Au sein d'un domaine privé composé de 7 habitations, découvrez ce bien d'exception...;781;21;65;fiches-_58305605-maison-mantes-la-ville-110m2.md
https://www.aurea-immobilier.fr/fiches/_60550074/maison-le-cormier-5-piece-s-144-m2.html;Maison Le Cormier 5 pièce(s) 144 m2;Maison Le Cormier 5 pièce(s) 144 m2 - Natacha et Justine, AUREA Immobilier, vous présentent en exclusivité Située au coeur de Le Cormier à moins de 10 min de Pacy sur...;742;19;63;fiches-_60550074-maison-le-cormier-5-piece-s-144-m2.md
https://www.aurea-immobilier.fr/fiches/_60705368/maison-arthies-6-pieces.html;MAISON - ARTHIES - 6 Pièces;MAISON - ARTHIES - 6 Pièces - Hélène VERMEIRE BENZ, AUREA Immobilier, vous propose en exclusivité Au coeur du Vexin, dans un village calme et verdoyant une jolie maison...;698;23;66;fiches-_60705368-maison-arthies-6-pieces.md
https://www.aurea-immobilier.fr/catalog/products_selled.php?page=2;Liste des biens archivés (vendus, loués, retirés de la vente...) - AUREA...;AUREA IMMOBILIER;592;27;74;catalog-products_selled-46589c.md
https://www.aurea-immobilier.fr/catalog/products_selled.php?page=3;Liste des biens archivés (vendus, loués, retirés de la vente...) - AUREA...;AUREA IMMOBILIER;587;27;74;catalog-products_selled-9ba925.md
https://www.aurea-immobilier.fr/catalog/products_selled.php?page=4;Liste des biens archivés (vendus, loués, retirés de la vente...) - AUREA...;AUREA IMMOBILIER;593;27;74;catalog-products_selled-fdb024.md
https://www.aurea-immobilier.fr/catalog/products_selled.php?page=5;Liste des biens archivés (vendus, loués, retirés de la vente...) - AUREA...;AUREA IMMOBILIER;593;27;74;catalog-products_selled-af4d34.md
https://www.aurea-immobilier.fr/catalog/products_selled.php?page=6;Liste des biens archivés (vendus, loués, retirés de la vente...) - AUREA...;AUREA IMMOBILIER;611;27;75;catalog-products_selled-c5755e.md
https://www.aurea-immobilier.fr/catalog/products_selled.php?page=11;Liste des biens archivés (vendus, loués, retirés de la vente...) - AUREA...;AUREA IMMOBILIER;532;19;60;catalog-products_selled-1c8b62.md
https://www.aurea-immobilier.fr/catalog/products_print.php?products_id=60114296;Maison | AUREA IMMOBILIER;Maison AUREA IMMOBILIER...;513;14;0;catalog-products_print-fbfe3e.md
https://www.aurea-immobilier.fr/catalog/contact_us.php?manufacturer_id=385554&products_id=60114296;Maison | AUREA IMMOBILIER;MaisonNous contacter AUREA IMMOBILIER...;594;4;43;catalog-contact_us-85e192.md
https://www.aurea-immobilier.fr/catalog/products_print.php?products_id=61483159;4 pièces | AUREA IMMOBILIER;4 pièces AUREA IMMOBILIER...;657;13;0;catalog-products_print-51ab5d.md
https://www.aurea-immobilier.fr/catalog/contact_us.php?manufacturer_id=385554&products_id=61483159;4 pièces | AUREA IMMOBILIER;4 piècesNous contacter AUREA IMMOBILIER...;590;4;43;catalog-contact_us-cd55bf.md
https://www.aurea-immobilier.fr/catalog/products_print.php?products_id=60609523;3 pièces | AUREA IMMOBILIER;3 pièces AUREA IMMOBILIER...;531;14;0;catalog-products_print-a904dd.md
https://www.aurea-immobilier.fr/catalog/contact_us.php?manufacturer_id=385554&products_id=60609523;3 pièces | AUREA IMMOBILIER;3 piècesNous contacter AUREA IMMOBILIER...;593;4;43;catalog-contact_us-39c47b.md
https://www.aurea-immobilier.fr/fiches/4-40-26_61452626/maison-familiale-8-pieces-mantes-la-ville.html?cPath=4_40_26&products_id=61452626;MAISON FAMILIALE - 8 PIÈCES - MANTES LA VILLE;MAISON FAMILIALE - 8 PIÈCES - MANTES LA VILLE - Oriane CHEREL, AUREA Immobilier, vous présente Idéalement située à Mantes-la-Ville, venez découvrir cette spacieuse...;1207;54;87;fiches-4-40-26_61452626-maison-familiale-8-pieces-mantes-la-ville-f2eab4.md
https://www.aurea-immobilier.fr/catalog/products_print.php?products_id=61452626;Maison | AUREA IMMOBILIER;Maison AUREA IMMOBILIER...;566;14;0;catalog-products_print-5f640e.md
https://www.aurea-immobilier.fr/catalog/contact_us.php?manufacturer_id=385554&products_id=61452626;Maison | AUREA IMMOBILIER;MaisonNous contacter AUREA IMMOBILIER...;594;4;43;catalog-contact_us-51a843.md
https://www.aurea-immobilier.fr/fiches/4-40-26_60185157/maison-5-pieces-3-chambres-a-mantes-la-jolie.html?cPath=4_40_26&products_id=60185157;Maison 5 pièces, 3 chambres à Mantes-la-Jolie;"Maison 5 pièces, 3 chambres à Mantes-la-Jolie - Vincent Maume et Zachary Denat vous présentent en exclusivité chez AUREA IMMOBILIER; A deux pas du centre ville de Mantes...";1191;50;83;fiches-4-40-26_60185157-maison-5-pieces-3-chambres-a-mantes-la-jolie-ecaa74.md
https://www.aurea-immobilier.fr/catalog/products_print.php?products_id=60185157;Maison | AUREA IMMOBILIER;Maison AUREA IMMOBILIER...;538;14;0;catalog-products_print-135f54.md
https://www.aurea-immobilier.fr/catalog/contact_us.php?manufacturer_id=385554&products_id=60185157;Maison | AUREA IMMOBILIER;MaisonNous contacter AUREA IMMOBILIER...;592;4;43;catalog-contact_us-16703d.md
https://www.aurea-immobilier.fr/fiches/3-33-27_60992633/joli-studio-a-mantes-la-jolie-de-28-m2.html?cPath=3_33_27&products_id=60992633;Joli studio à Mantes-la-Jolie de 28 m2;Joli studio à Mantes-la-Jolie de 28 m2 - Vincent Maume, vous présente en exclusivité chez AUREA IMMOBILIER Situé à Mantes-la-Jolie, venez découvrir ce beau studio à...;1190;42;75;fiches-3-33-27_60992633-joli-studio-a-mantes-la-jolie-de-28-m2-ff0642.md
https://www.aurea-immobilier.fr/catalog/products_print.php?products_id=60992633;Studio T1 | AUREA IMMOBILIER;Studio T1 AUREA IMMOBILIER...;531;14;0;catalog-products_print-2a0891.md
https://www.aurea-immobilier.fr/catalog/contact_us.php?manufacturer_id=385554&products_id=60992633;Studio T1 | AUREA IMMOBILIER;Studio T1Nous contacter AUREA IMMOBILIER...;594;4;43;catalog-contact_us-a4c4ac.md
https://www.aurea-immobilier.fr/catalog/products_print.php?products_id=59514626;Maison | AUREA IMMOBILIER;Maison AUREA IMMOBILIER...;540;14;0;catalog-products_print-ecb1ee.md
https://www.aurea-immobilier.fr/catalog/contact_us.php?manufacturer_id=385554&products_id=59514626;Maison | AUREA IMMOBILIER;MaisonNous contacter AUREA IMMOBILIER...;592;4;43;catalog-contact_us-677c0a.md
https://www.aurea-immobilier.fr/fiches/3-33-29_60962717/appartement-mantes-la-jolie-gare.html?cPath=3_33_29&products_id=60962717;APPARTEMENT - MANTES LA JOLIE - GARE;APPARTEMENT - MANTES LA JOLIE - GARE - Oriane CHEREL, AUREA Immobilier, vous présente en exclusivité Idéalement situé à deux pas de la gare de Mantes-la-Jolie, découvrez...;1167;42;75;fiches-3-33-29_60962717-appartement-mantes-la-jolie-gare-c9a076.md
https://www.aurea-immobilier.fr/catalog/products_print.php?products_id=60962717;3 pièces | AUREA IMMOBILIER;3 pièces AUREA IMMOBILIER...;508;14;0;catalog-products_print-6e60fd.md
