url_ignoree;identique_a
https://www.aurea-immobilier.fr/content/5/contact_us.php?form=3;https://www.aurea-immobilier.fr/content/5/notre-agence.html
https://www.aurea-immobilier.fr/content/5/contact_us.php?form=1;https://www.aurea-immobilier.fr/content/5/notre-agence.html
https://www.aurea-immobilier.fr/content/5/selection.php;https://www.aurea-immobilier.fr/content/5/notre-agence.html
https://www.aurea-immobilier.fr/content/5/account.php;https://www.aurea-immobilier.fr/content/5/notre-agence.html
https://www.aurea-immobilier.fr/annonces/content/5/notre-agence.html;https://www.aurea-immobilier.fr/
https://www.aurea-immobilier.fr/annonces/annonces/transaction/Vente.html;https://www.aurea-immobilier.fr/
https://www.aurea-immobilier.fr/annonces/annonces/transaction/Location.html;https://www.aurea-immobilier.fr/
https://www.aurea-immobilier.fr/annonces/transaction/contact_us.php?form=1;https://www.aurea-immobilier.fr/annonces/transaction/contact_us.php?form=3
https://www.aurea-immobilier.fr/annonces/transaction/selection.php;https://www.aurea-immobilier.fr/annonces/transaction/contact_us.php?form=3
https://www.aurea-immobilier.fr/annonces/transaction/account.php;https://www.aurea-immobilier.fr/annonces/transaction/contact_us.php?form=3
https://www.aurea-immobilier.fr/annonces/transaction/try;https://www.aurea-immobilier.fr/annonces/transaction/contact_us.php?form=3
https://www.aurea-immobilier.fr/annonces/transaction/create_alerte_mail.php;https://www.aurea-immobilier.fr/annonces/transaction/contact_us.php?form=3
https://www.aurea-immobilier.fr/annonces/fiches/4-40-26_60114296/maison-plain-pied-la-couture-boussey-4-pieces-90-m2.html;https://www.aurea-immobilier.fr/
https://www.aurea-immobilier.fr/annonces/fiches/4-40-26_56344004/maison-rosny-sur-seine-6pieces.html;https://www.aurea-immobilier.fr/
https://www.aurea-immobilier.fr/annonces/fiches/4-40-26_61496544/ensemble-immobilier-viennes-en-arthies-3maisons.html;https://www.aurea-immobilier.fr/
https://www.aurea-immobilier.fr/annonces/fiches/4-40-26_61180461/maison-en-pierre-avec-dependance-viennes-en-arthies-8pieces.html;https://www.aurea-immobilier.fr/
https://www.aurea-immobilier.fr/annonces/fiches/4-40-26_61493070/maison-viennes-en-arthies-5pieces.html;https://www.aurea-immobilier.fr/
https://www.aurea-immobilier.fr/annonces/fiches/3-33-29_59174394/appartement-centre-ville-3pieces.html;https://www.aurea-immobilier.fr/
https://www.aurea-immobilier.fr/annonces/fiches/3-33-30_61457529/appartement-limay-4pieces.html;https://www.aurea-immobilier.fr/
https://www.aurea-immobilier.fr/annonces/fiches/4-40-26_60706451/maison-a-renover-mantes-la-jolie-5-pieces.html;https://www.aurea-immobilier.fr/
https://www.aurea-immobilier.fr/annonces/fiches/3-33-28_61181110/appartement-t2-mantes-la-jolie.html;https://www.aurea-immobilier.fr/
https://www.aurea-immobilier.fr/annonces/fiches/3-33-29_60609523/appartement-3-pieces-andresy.html;https://www.aurea-immobilier.fr/
https://www.aurea-immobilier.fr/annonces/fiches/4-40-26_60032440/maison-grisy-les-platres-8-pieces-5-chambres-145m2.html;https://www.aurea-immobilier.fr/
https://www.aurea-immobilier.fr/annonces/fiches/4-40-26_61452626/maison-familiale-8-pieces-mantes-la-ville.html;https://www.aurea-immobilier.fr/
https://www.aurea-immobilier.fr/annonces/fiches/3-33-29_61161077/appartement-a-mantes-la-jolie-de-3-pieces-49m2.html;https://www.aurea-immobilier.fr/
https://www.aurea-immobilier.fr/annonces/fiches/4-40-26_60185157/maison-5-pieces-3-chambres-a-mantes-la-jolie.html;https://www.aurea-immobilier.fr/
https://www.aurea-immobilier.fr/annonces/fiches/3-33-27_60992633/joli-studio-a-mantes-la-jolie-de-28-m2.html;https://www.aurea-immobilier.fr/
https://www.aurea-immobilier.fr/annonces/fiches/4-40-26_59514626/maison-chatou-5pieces-rer-a.html;https://www.aurea-immobilier.fr/
https://www.aurea-immobilier.fr/annonces/fiches/3-33-29_61148704/appartement-dernier-etage-pontoise-3pieces.html;https://www.aurea-immobilier.fr/
https://www.aurea-immobilier.fr/annonces/fiches/4-40-26_60256759/maison-favrieux-11-pieces-350m2.html;https://www.aurea-immobilier.fr/
https://www.aurea-immobilier.fr/annonces/fiches/3-33-29_60962717/appartement-mantes-la-jolie-gare.html;https://www.aurea-immobilier.fr/
https://www.aurea-immobilier.fr/annonces/fiches/4-40-26_60974149/maison-follainville-dennemont-6pieces.html;https://www.aurea-immobilier.fr/
https://www.aurea-immobilier.fr/annonces/fiches/4-40-26_60517248/maison-mericourt-4-pieces.html;https://www.aurea-immobilier.fr/
https://www.aurea-immobilier.fr/annonces/fiches/3-33-30_60257269/appartement-mantes-la-jolie-5-pieces-de-93-6-m2.html;https://www.aurea-immobilier.fr/
https://www.aurea-immobilier.fr/annonces/fiches/3-33-31_59497619/appartement-duplex-mantes-la-ville-centre-ville-6pieces.html;https://www.aurea-immobilier.fr/
https://www.aurea-immobilier.fr/annonces/fiches/4-40-26_60299040/maison-mericourt-4-pieces.html;https://www.aurea-immobilier.fr/
https://www.aurea-immobilier.fr/annonces/fiches/4-40-26_60790028/maison-reilly-9pieces.html;https://www.aurea-immobilier.fr/
https://www.aurea-immobilier.fr/annonces/ville_bien/mantes+la+jolie__1__vente/immobilier-mantes-la-jolie.html;https://www.aurea-immobilier.fr/
https://www.aurea-immobilier.fr/annonces/ville_bien/mantes+la+jolie__2__vente/immobilier-mantes-la-jolie.html;https://www.aurea-immobilier.fr/
https://www.aurea-immobilier.fr/annonces/ville_bien/mantes+la+ville__2__vente/immobilier-mantes-la-ville.html;https://www.aurea-immobilier.fr/
https://www.aurea-immobilier.fr/annonces/ville_bien/vienne+en+arthies__2__vente/immobilier-vienne-en-arthies.html;https://www.aurea-immobilier.fr/
https://www.aurea-immobilier.fr/annonces/ville_bien/follainville+dennemont__2__vente/immobilier-follainville-dennemont.html;https://www.aurea-immobilier.fr/
https://www.aurea-immobilier.fr/annonces/ville_bien/bonnieres+sur+seine__2__vente/immobilier-bonnieres-sur-seine.html;https://www.aurea-immobilier.fr/
https://www.aurea-immobilier.fr/annonces/fiches/3-32-37_61483159/appartement-lumineux-de-4-pieces-a-mantes-la-jolie.html;https://www.aurea-immobilier.fr/
https://www.aurea-immobilier.fr/annonces/fiches/3-32-34_58824121/studio-disponible-a-la-location-sur-evreux.html;https://www.aurea-immobilier.fr/
https://www.aurea-immobilier.fr/catalog/selection.php;(forme d URL deja dupliquee)
https://www.aurea-immobilier.fr/catalog/create_alerte_mail.php;https://www.aurea-immobilier.fr/catalog/account.php
https://www.aurea-immobilier.fr/fiches/content/5/notre-agence.html;https://www.aurea-immobilier.fr/
https://www.aurea-immobilier.fr/fiches/annonces/transaction/Vente.html;https://www.aurea-immobilier.fr/
https://www.aurea-immobilier.fr/fiches/annonces/transaction/Location.html;https://www.aurea-immobilier.fr/
https://www.aurea-immobilier.fr/fiches/4-40-26_60114296/contact_us.php?form=3;https://www.aurea-immobilier.fr/fiches/4-40-26_60114296/maison-plain-pied-la-couture-boussey-4-pieces-90-m2.html
https://www.aurea-immobilier.fr/fiches/4-40-26_60114296/contact_us.php?form=1;(forme d URL deja dupliquee)
https://www.aurea-immobilier.fr/fiches/4-40-26_60114296/selection.php;(forme d URL deja dupliquee)
https://www.aurea-immobilier.fr/fiches/4-40-26_60114296/account.php;(forme d URL deja dupliquee)
https://www.aurea-immobilier.fr/fiches/type_bien/4/maisons.html;https://www.aurea-immobilier.fr/
https://www.aurea-immobilier.fr/fiches/type_bien/4-40/a-vendre.html;https://www.aurea-immobilier.fr/
https://www.aurea-immobilier.fr/fiches/type_bien/4-40-26/maison.html;https://www.aurea-immobilier.fr/
https://www.aurea-immobilier.fr/fiches/4-40-26_60114296/maison-plain-pied-la-couture-boussey-4-pieces-90-m2.html?cPath=4_40_26&products_id=60114296;https://www.aurea-immobilier.fr/fiches/4-40-26_60114296/maison-plain-pied-la-couture-boussey-4-pieces-90-m2.html
https://www.aurea-immobilier.fr/fiches/4-40-26_60114296/simul_notaires_2.php;https://www.aurea-immobilier.fr/fiches/4-40-26_60114296/maison-plain-pied-la-couture-boussey-4-pieces-90-m2.html
https://www.aurea-immobilier.fr/fiches/4-40-26_60114296/simul_calc_endettement.php;https://www.aurea-immobilier.fr/fiches/4-40-26_60114296/maison-plain-pied-la-couture-boussey-4-pieces-90-m2.html
https://www.aurea-immobilier.fr/fiches/4-40-26_60114296/simul_credit.php;https://www.aurea-immobilier.fr/fiches/4-40-26_60114296/maison-plain-pied-la-couture-boussey-4-pieces-90-m2.html
https://www.aurea-immobilier.fr/fiches/4-40-26_60114296/simul_calc_financiere.php;https://www.aurea-immobilier.fr/fiches/4-40-26_60114296/maison-plain-pied-la-couture-boussey-4-pieces-90-m2.html
https://www.aurea-immobilier.fr/fiches/ville_bien/mantes+la+jolie__1__vente/immobilier-mantes-la-jolie.html;(forme d URL deja dupliquee)
https://www.aurea-immobilier.fr/fiches/ville_bien/mantes+la+jolie__2__vente/immobilier-mantes-la-jolie.html;(forme d URL deja dupliquee)
https://www.aurea-immobilier.fr/fiches/ville_bien/mantes+la+ville__2__vente/immobilier-mantes-la-ville.html;https://www.aurea-immobilier.fr/
https://www.aurea-immobilier.fr/fiches/ville_bien/vienne+en+arthies__2__vente/immobilier-vienne-en-arthies.html;https://www.aurea-immobilier.fr/
https://www.aurea-immobilier.fr/fiches/ville_bien/follainville+dennemont__2__vente/immobilier-follainville-dennemont.html;https://www.aurea-immobilier.fr/
https://www.aurea-immobilier.fr/fiches/ville_bien/bonnieres+sur+seine__2__vente/immobilier-bonnieres-sur-seine.html;https://www.aurea-immobilier.fr/
https://www.aurea-immobilier.fr/fiches/3-32-37_61483159/contact_us.php?form=3;(forme d URL deja dupliquee)
https://www.aurea-immobilier.fr/fiches/3-32-37_61483159/contact_us.php?form=1;(forme d URL deja dupliquee)
https://www.aurea-immobilier.fr/fiches/3-32-37_61483159/selection.php;(forme d URL deja dupliquee)
https://www.aurea-immobilier.fr/fiches/3-32-37_61483159/account.php;(forme d URL deja dupliquee)
https://www.aurea-immobilier.fr/fiches/type_bien/3/appartements.html;https://www.aurea-immobilier.fr/
https://www.aurea-immobilier.fr/fiches/type_bien/3-32/a-louer.html;https://www.aurea-immobilier.fr/
https://www.aurea-immobilier.fr/fiches/type_bien/3-32-37/4-pieces.html;https://www.aurea-immobilier.fr/
https://www.aurea-immobilier.fr/fiches/3-32-37_61483159/appartement-lumineux-de-4-pieces-a-mantes-la-jolie.html?cPath=3_32_37&products_id=61483159;https://www.aurea-immobilier.fr/fiches/3-32-37_61483159/appartement-lumineux-de-4-pieces-a-mantes-la-jolie.html
https://www.aurea-immobilier.fr/fiches/3-32-37_61483159/simul_notaires_2.php;https://www.aurea-immobilier.fr/fiches/3-32-37_61483159/appartement-lumineux-de-4-pieces-a-mantes-la-jolie.html
https://www.aurea-immobilier.fr/fiches/3-32-37_61483159/simul_calc_endettement.php;https://www.aurea-immobilier.fr/fiches/3-32-37_61483159/appartement-lumineux-de-4-pieces-a-mantes-la-jolie.html
https://www.aurea-immobilier.fr/fiches/3-32-37_61483159/simul_credit.php;https://www.aurea-immobilier.fr/fiches/3-32-37_61483159/appartement-lumineux-de-4-pieces-a-mantes-la-jolie.html
https://www.aurea-immobilier.fr/fiches/3-32-37_61483159/simul_calc_financiere.php;https://www.aurea-immobilier.fr/fiches/3-32-37_61483159/appartement-lumineux-de-4-pieces-a-mantes-la-jolie.html
https://www.aurea-immobilier.fr/fiches/3-33-29_60609523/contact_us.php?form=3;(forme d URL deja dupliquee)
https://www.aurea-immobilier.fr/fiches/3-33-29_60609523/contact_us.php?form=1;(forme d URL deja dupliquee)
https://www.aurea-immobilier.fr/fiches/3-33-29_60609523/selection.php;(forme d URL deja dupliquee)
https://www.aurea-immobilier.fr/fiches/3-33-29_60609523/account.php;(forme d URL deja dupliquee)
https://www.aurea-immobilier.fr/fiches/type_bien/3-33/a-vendre.html;https://www.aurea-immobilier.fr/
https://www.aurea-immobilier.fr/fiches/type_bien/3-33-29/3-pieces.html;https://www.aurea-immobilier.fr/
https://www.aurea-immobilier.fr/fiches/3-33-29_60609523/appartement-3-pieces-andresy.html?cPath=3_33_29&products_id=60609523;https://www.aurea-immobilier.fr/fiches/3-33-29_60609523/appartement-3-pieces-andresy.html
https://www.aurea-immobilier.fr/fiches/3-33-29_60609523/simul_notaires_2.php;(forme d URL deja dupliquee)
https://www.aurea-immobilier.fr/fiches/3-33-29_60609523/simul_calc_endettement.php;(forme d URL deja dupliquee)
https://www.aurea-immobilier.fr/fiches/3-33-29_60609523/simul_credit.php;(forme d URL deja dupliquee)
https://www.aurea-immobilier.fr/fiches/3-33-29_60609523/simul_calc_financiere.php;(forme d URL deja dupliquee)
https://www.aurea-immobilier.fr/fiches/4-40-26_61452626/contact_us.php?form=3;(forme d URL deja dupliquee)
https://www.aurea-immobilier.fr/fiches/4-40-26_61452626/contact_us.php?form=1;(forme d URL deja dupliquee)
https://www.aurea-immobilier.fr/fiches/4-40-26_61452626/selection.php;(forme d URL deja dupliquee)
https://www.aurea-immobilier.fr/fiches/4-40-26_61452626/account.php;(forme d URL deja dupliquee)
https://www.aurea-immobilier.fr/fiches/fiches/3-33-31_58306384/maison-mantes-la-ville-150m2.html;https://www.aurea-immobilier.fr/
https://www.aurea-immobilier.fr/fiches/fiches/4-40-26_58263392/maison-follainville-dennemont.html;https://www.aurea-immobilier.fr/
https://www.aurea-immobilier.fr/fiches/fiches/4-40-26_60256759/maison-favrieux-11-pieces-350m2.html;https://www.aurea-immobilier.fr/
https://www.aurea-immobilier.fr/fiches/fiches/3-33-29_57202848/maison-mantes-la-jolie-3pieces.html;https://www.aurea-immobilier.fr/
https://www.aurea-immobilier.fr/fiches/fiches/4-40-26_60974149/maison-follainville-dennemont-6pieces.html;https://www.aurea-immobilier.fr/
https://www.aurea-immobilier.fr/fiches/fiches/4-40-26_56344004/maison-rosny-sur-seine-6pieces.html;https://www.aurea-immobilier.fr/
https://www.aurea-immobilier.fr/fiches/4-40-26_61452626/simul_notaires_2.php;(forme d URL deja dupliquee)
https://www.aurea-immobilier.fr/fiches/4-40-26_61452626/simul_calc_endettement.php;(forme d URL deja dupliquee)
https://www.aurea-immobilier.fr/fiches/4-40-26_61452626/simul_credit.php;(forme d URL deja dupliquee)
https://www.aurea-immobilier.fr/fiches/4-40-26_61452626/simul_calc_financiere.php;(forme d URL deja dupliquee)
https://www.aurea-immobilier.fr/fiches/4-40-26_60185157/contact_us.php?form=3;(forme d URL deja dupliquee)
https://www.aurea-immobilier.fr/fiches/4-40-26_60185157/contact_us.php?form=1;(forme d URL deja dupliquee)
https://www.aurea-immobilier.fr/fiches/4-40-26_60185157/selection.php;(forme d URL deja dupliquee)
https://www.aurea-immobilier.fr/fiches/4-40-26_60185157/account.php;(forme d URL deja dupliquee)
https://www.aurea-immobilier.fr/fiches/fiches/4-40-26_60669910/maison-d-exception-porcheville-bords-de-seine.html;https://www.aurea-immobilier.fr/
https://www.aurea-immobilier.fr/fiches/fiches/4-40-26_61452626/maison-familiale-8-pieces-mantes-la-ville.html;https://www.aurea-immobilier.fr/
https://www.aurea-immobilier.fr/fiches/fiches/3-33-29_58305680/maison-mantes-la-ville-200m2.html;https://www.aurea-immobilier.fr/
https://www.aurea-immobilier.fr/fiches/4-40-26_60185157/simul_notaires_2.php;(forme d URL deja dupliquee)
https://www.aurea-immobilier.fr/fiches/4-40-26_60185157/simul_calc_endettement.php;(forme d URL deja dupliquee)
https://www.aurea-immobilier.fr/fiches/4-40-26_60185157/simul_credit.php;(forme d URL deja dupliquee)
https://www.aurea-immobilier.fr/fiches/4-40-26_60185157/simul_calc_financiere.php;(forme d URL deja dupliquee)
https://www.aurea-immobilier.fr/fiches/3-33-27_60992633/contact_us.php?form=3;(forme d URL deja dupliquee)
https://www.aurea-immobilier.fr/fiches/3-33-27_60992633/contact_us.php?form=1;(forme d URL deja dupliquee)
https://www.aurea-immobilier.fr/fiches/3-33-27_60992633/selection.php;(forme d URL deja dupliquee)
https://www.aurea-immobilier.fr/fiches/3-33-27_60992633/account.php;(forme d URL deja dupliquee)
https://www.aurea-immobilier.fr/fiches/type_bien/3-33-27/studio-t1.html;https://www.aurea-immobilier.fr/
https://www.aurea-immobilier.fr/fiches/fiches/3-33-29_59174394/appartement-centre-ville-3pieces.html;https://www.aurea-immobilier.fr/
https://www.aurea-immobilier.fr/fiches/fiches/3-33-30_60257269/appartement-mantes-la-jolie-5-pieces-de-93-6-m2.html;https://www.aurea-immobilier.fr/
https://www.aurea-immobilier.fr/fiches/fiches/3-33-28_61181110/appartement-t2-mantes-la-jolie.html;https://www.aurea-immobilier.fr/
https://www.aurea-immobilier.fr/fiches/fiches/3-33-29_60962717/appartement-mantes-la-jolie-gare.html;https://www.aurea-immobilier.fr/
https://www.aurea-immobilier.fr/fiches/fiches/3-33-30_61457529/appartement-limay-4pieces.html;https://www.aurea-immobilier.fr/
https://www.aurea-immobilier.fr/fiches/fiches/3-33-30_59169542/appartement-mantes-la-jolie-4-piece-s.html;https://www.aurea-immobilier.fr/
https://www.aurea-immobilier.fr/fiches/3-33-27_60992633/simul_notaires_2.php;(forme d URL deja dupliquee)
https://www.aurea-immobilier.fr/fiches/3-33-27_60992633/simul_calc_endettement.php;(forme d URL deja dupliquee)
https://www.aurea-immobilier.fr/fiches/3-33-27_60992633/simul_credit.php;(forme d URL deja dupliquee)
https://www.aurea-immobilier.fr/fiches/3-33-27_60992633/simul_calc_financiere.php;(forme d URL deja dupliquee)
https://www.aurea-immobilier.fr/fiches/4-40-26_59514626/contact_us.php?form=3;(forme d URL deja dupliquee)
https://www.aurea-immobilier.fr/fiches/4-40-26_59514626/contact_us.php?form=1;(forme d URL deja dupliquee)
https://www.aurea-immobilier.fr/fiches/4-40-26_59514626/selection.php;(forme d URL deja dupliquee)
https://www.aurea-immobilier.fr/fiches/4-40-26_59514626/account.php;(forme d URL deja dupliquee)
https://www.aurea-immobilier.fr/fiches/4-40-26_59514626/maison-chatou-5pieces-rer-a.html?cPath=4_40_26&products_id=59514626;https://www.aurea-immobilier.fr/fiches/4-40-26_59514626/maison-chatou-5pieces-rer-a.html
https://www.aurea-immobilier.fr/fiches/4-40-26_59514626/simul_notaires_2.php;(forme d URL deja dupliquee)
https://www.aurea-immobilier.fr/fiches/4-40-26_59514626/simul_calc_endettement.php;(forme d URL deja dupliquee)
https://www.aurea-immobilier.fr/fiches/4-40-26_59514626/simul_credit.php;(forme d URL deja dupliquee)
https://www.aurea-immobilier.fr/fiches/4-40-26_59514626/simul_calc_financiere.php;(forme d URL deja dupliquee)
https://www.aurea-immobilier.fr/fiches/3-33-29_60962717/contact_us.php?form=3;(forme d URL deja dupliquee)
https://www.aurea-immobilier.fr/fiches/3-33-29_60962717/contact_us.php?form=1;(forme d URL deja dupliquee)
https://www.aurea-immobilier.fr/fiches/3-33-29_60962717/selection.php;(forme d URL deja dupliquee)
https://www.aurea-immobilier.fr/fiches/3-33-29_60962717/account.php;(forme d URL deja dupliquee)
