url;erreur
https://www.aurea-immobilier.fr/contact_us.php?form=3;404 Client Error: Not Found for url: https://www.aurea-immobilier.fr/contact_us.php?form=3
https://www.aurea-immobilier.fr/contact_us.php?form=1;404 Client Error: Not Found for url: https://www.aurea-immobilier.fr/contact_us.php?form=1
https://www.aurea-immobilier.fr/selection.php;404 Client Error: Not Found for url: https://www.aurea-immobilier.fr/selection.php
https://www.aurea-immobilier.fr/account.php;404 Client Error: Not Found for url: https://www.aurea-immobilier.fr/account.php
https://www.aurea-immobilier.fr/estimation.php;404 Client Error: Not Found for url: https://www.aurea-immobilier.fr/estimation.php
https://www.aurea-immobilier.fr/annonce.php;404 Client Error: Not Found for url: https://www.aurea-immobilier.fr/annonce.php
https://www.aurea-immobilier.fr/create_alerte_mail.php;404 Client Error: Not Found for url: https://www.aurea-immobilier.fr/create_alerte_mail.php
https://www.aurea-immobilier.fr/content/1/notre-agence.html;404 Client Error: Not Found for url: https://www.aurea-immobilier.fr/content/1/notre-agence.html
https://www.aurea-immobilier.fr/content/content/5/notre-agence.html;404 Client Error: Not Found for url: https://www.aurea-immobilier.fr/content/content/5/notre-agence.html
https://www.aurea-immobilier.fr/content/annonces/transaction/Vente.html;404 Client Error: Not Found for url: https://www.aurea-immobilier.fr/content/annonces/transaction/Vente.html
https://www.aurea-immobilier.fr/content/annonces/transaction/Location.html;404 Client Error: Not Found for url: https://www.aurea-immobilier.fr/content/annonces/transaction/Location.html
https://www.aurea-immobilier.fr/content/ville_bien/mantes+la+jolie__1__vente/immobilier-mantes-la-jolie.html;404 Client Error: Not Found for url: https://www.aurea-immobilier.fr/content/ville_bien/mantes+la+jolie__1__vente/immobilier-mantes-la-jolie.html
https://www.aurea-immobilier.fr/content/ville_bien/mantes+la+jolie__2__vente/immobilier-mantes-la-jolie.html;404 Client Error: Not Found for url: https://www.aurea-immobilier.fr/content/ville_bien/mantes+la+jolie__2__vente/immobilier-mantes-la-jolie.html
https://www.aurea-immobilier.fr/content/ville_bien/mantes+la+ville__2__vente/immobilier-mantes-la-ville.html;404 Client Error: Not Found for url: https://www.aurea-immobilier.fr/content/ville_bien/mantes+la+ville__2__vente/immobilier-mantes-la-ville.html
https://www.aurea-immobilier.fr/content/ville_bien/vienne+en+arthies__2__vente/immobilier-vienne-en-arthies.html;404 Client Error: Not Found for url: https://www.aurea-immobilier.fr/content/ville_bien/vienne+en+arthies__2__vente/immobilier-vienne-en-arthies.html
https://www.aurea-immobilier.fr/content/ville_bien/follainville+dennemont__2__vente/immobilier-follainville-dennemont.html;404 Client Error: Not Found for url: https://www.aurea-immobilier.fr/content/ville_bien/follainville+dennemont__2__vente/immobilier-follainville-dennemont.html
https://www.aurea-immobilier.fr/content/ville_bien/bonnieres+sur+seine__2__vente/immobilier-bonnieres-sur-seine.html;404 Client Error: Not Found for url: https://www.aurea-immobilier.fr/content/ville_bien/bonnieres+sur+seine__2__vente/immobilier-bonnieres-sur-seine.html
https://www.aurea-immobilier.fr/catalog/try;404 Client Error: Not Found for url: https://www.aurea-immobilier.fr/catalog/try
