url;occurrences
https://realestate.orisha.com/;73
https://www.bloctel.gouv.fr/;36
https://www.georisques.gouv.fr/;18
https://www.facebook.com/sharer/sharer.php?u=https://www.aurea-immobilier.fr/fiches/4-40-26_61452626/maison-familiale-8-pieces-mantes-la-ville.html;2
https://twitter.com/intent/tweet?url=https://www.aurea-immobilier.fr/fiches/4-40-26_61452626/maison-familiale-8-pieces-mantes-la-ville.html?cPath=4_40_26&products_id=61452626;2
https://www.linkedin.com/sharing/share-offsite?mini=true&url=https://www.aurea-immobilier.fr/fiches/4-40-26_61452626/maison-familiale-8-pieces-mantes-la-ville.html?cPath=4_40_26&products_id=61452626;2
https://www.facebook.com/sharer/sharer.php?u=https://www.aurea-immobilier.fr/fiches/4-40-26_60185157/maison-5-pieces-3-chambres-a-mantes-la-jolie.html;2
https://twitter.com/intent/tweet?url=https://www.aurea-immobilier.fr/fiches/4-40-26_60185157/maison-5-pieces-3-chambres-a-mantes-la-jolie.html?cPath=4_40_26&products_id=60185157;2
https://www.linkedin.com/sharing/share-offsite?mini=true&url=https://www.aurea-immobilier.fr/fiches/4-40-26_60185157/maison-5-pieces-3-chambres-a-mantes-la-jolie.html?cPath=4_40_26&products_id=60185157;2
https://www.facebook.com/sharer/sharer.php?u=https://www.aurea-immobilier.fr/fiches/3-33-27_60992633/joli-studio-a-mantes-la-jolie-de-28-m2.html;2
https://twitter.com/intent/tweet?url=https://www.aurea-immobilier.fr/fiches/3-33-27_60992633/joli-studio-a-mantes-la-jolie-de-28-m2.html?cPath=3_33_27&products_id=60992633;2
https://www.linkedin.com/sharing/share-offsite?mini=true&url=https://www.aurea-immobilier.fr/fiches/3-33-27_60992633/joli-studio-a-mantes-la-jolie-de-28-m2.html?cPath=3_33_27&products_id=60992633;2
https://www.facebook.com/sharer/sharer.php?u=https://www.aurea-immobilier.fr/fiches/3-33-29_60962717/appartement-mantes-la-jolie-gare.html;2
https://twitter.com/intent/tweet?url=https://www.aurea-immobilier.fr/fiches/3-33-29_60962717/appartement-mantes-la-jolie-gare.html?cPath=3_33_29&products_id=60962717;2
https://www.linkedin.com/sharing/share-offsite?mini=true&url=https://www.aurea-immobilier.fr/fiches/3-33-29_60962717/appartement-mantes-la-jolie-gare.html?cPath=3_33_29&products_id=60962717;2
https://www.facebook.com/sharer/sharer.php?u=https://www.aurea-immobilier.fr/fiches/4-40-26_60114296/maison-plain-pied-la-couture-boussey-4-pieces-90-m2.html;1
https://twitter.com/intent/tweet?url=https://www.aurea-immobilier.fr/fiches/4-40-26_60114296/maison-plain-pied-la-couture-boussey-4-pieces-90-m2.html?cPath=4_40_26&products_id=60114296;1
https://www.linkedin.com/sharing/share-offsite?mini=true&url=https://www.aurea-immobilier.fr/fiches/4-40-26_60114296/maison-plain-pied-la-couture-boussey-4-pieces-90-m2.html?cPath=4_40_26&products_id=60114296;1
https://www.facebook.com/sharer/sharer.php?u=https://www.aurea-immobilier.fr/fiches/3-32-37_61483159/appartement-lumineux-de-4-pieces-a-mantes-la-jolie.html;1
https://twitter.com/intent/tweet?url=https://www.aurea-immobilier.fr/fiches/3-32-37_61483159/appartement-lumineux-de-4-pieces-a-mantes-la-jolie.html?cPath=3_32_37&products_id=61483159;1
https://www.linkedin.com/sharing/share-offsite?mini=true&url=https://www.aurea-immobilier.fr/fiches/3-32-37_61483159/appartement-lumineux-de-4-pieces-a-mantes-la-jolie.html?cPath=3_32_37&products_id=61483159;1
https://www.facebook.com/sharer/sharer.php?u=https://www.aurea-immobilier.fr/fiches/3-33-29_60609523/appartement-3-pieces-andresy.html;1
https://twitter.com/intent/tweet?url=https://www.aurea-immobilier.fr/fiches/3-33-29_60609523/appartement-3-pieces-andresy.html?cPath=3_33_29&products_id=60609523;1
https://www.linkedin.com/sharing/share-offsite?mini=true&url=https://www.aurea-immobilier.fr/fiches/3-33-29_60609523/appartement-3-pieces-andresy.html?cPath=3_33_29&products_id=60609523;1
https://www.facebook.com/sharer/sharer.php?u=https://www.aurea-immobilier.fr/fiches/4-40-26_59514626/maison-chatou-5pieces-rer-a.html;1
https://twitter.com/intent/tweet?url=https://www.aurea-immobilier.fr/fiches/4-40-26_59514626/maison-chatou-5pieces-rer-a.html?cPath=4_40_26&products_id=59514626;1
https://www.linkedin.com/sharing/share-offsite?mini=true&url=https://www.aurea-immobilier.fr/fiches/4-40-26_59514626/maison-chatou-5pieces-rer-a.html?cPath=4_40_26&products_id=59514626;1
https://www.facebook.com/sharer/sharer.php?u=https://www.aurea-immobilier.fr/fiches/4-40-26_60299040/maison-mericourt-4-pieces.html;1
https://twitter.com/intent/tweet?url=https://www.aurea-immobilier.fr/fiches/4-40-26_60299040/maison-mericourt-4-pieces.html?cPath=4_40_26&products_id=60299040;1
https://www.linkedin.com/sharing/share-offsite?mini=true&url=https://www.aurea-immobilier.fr/fiches/4-40-26_60299040/maison-mericourt-4-pieces.html?cPath=4_40_26&products_id=60299040;1
https://www.inc-conso.fr/content/comment-saisir-le-mediateur-de-la-consommation;1
https://eur-lex.europa.eu/eli/reg/2016/679/oj;1
https://www.legifrance.gouv.fr/loda/id/JORFTEXT000000886460;1
https://www.cnil.fr/fr/plaintes;1
https://tarteaucitron.io/;1
https://support.microsoft.com/fr-fr/windows/supprimer-et-g%C3%A9rer-les-cookies-168dab11-0753-043d-7c16-ede5947fc64d;1
https://support.apple.com/kb/PH5042;1
https://support.google.com/chrome/bin/answer.py?hl=fr&hlrm=en&answer=95647;1
https://support.mozilla.org/fr/kb/activer-desactiver-cookies;1
https://www.cnil.fr/vos-droits/vos-traces/les-cookies;1
https://www.facebook.com/sharer/sharer.php?u=https://www.aurea-immobilier.fr/fiches/_60160723/appartement-mantes-la-jolie-3-piece-s-57-92-m2.html;1
https://twitter.com/intent/tweet?url=https://www.aurea-immobilier.fr/fiches/_60160723/appartement-mantes-la-jolie-3-piece-s-57-92-m2.html?cPath=&products_id=60160723;1
https://www.linkedin.com/sharing/share-offsite?mini=true&url=https://www.aurea-immobilier.fr/fiches/_60160723/appartement-mantes-la-jolie-3-piece-s-57-92-m2.html?cPath=&products_id=60160723;1
https://www.facebook.com/sharer/sharer.php?u=https://www.aurea-immobilier.fr/fiches/_60906460/appartement-mantes-la-jolie-gare-2pieces.html;1
https://twitter.com/intent/tweet?url=https://www.aurea-immobilier.fr/fiches/_60906460/appartement-mantes-la-jolie-gare-2pieces.html?cPath=&products_id=60906460;1
https://www.linkedin.com/sharing/share-offsite?mini=true&url=https://www.aurea-immobilier.fr/fiches/_60906460/appartement-mantes-la-jolie-gare-2pieces.html?cPath=&products_id=60906460;1
https://www.facebook.com/sharer/sharer.php?u=https://www.aurea-immobilier.fr/fiches/_60828276/appartement-mantes-la-jolie-bords-de-seine-3pieces.html;1
https://twitter.com/intent/tweet?url=https://www.aurea-immobilier.fr/fiches/_60828276/appartement-mantes-la-jolie-bords-de-seine-3pieces.html?cPath=&products_id=60828276;1
https://www.linkedin.com/sharing/share-offsite?mini=true&url=https://www.aurea-immobilier.fr/fiches/_60828276/appartement-mantes-la-jolie-bords-de-seine-3pieces.html?cPath=&products_id=60828276;1
https://www.facebook.com/sharer/sharer.php?u=https://www.aurea-immobilier.fr/fiches/_58864209/maison-verneuil-sur-seine-5-pieces.html;1
https://twitter.com/intent/tweet?url=https://www.aurea-immobilier.fr/fiches/_58864209/maison-verneuil-sur-seine-5-pieces.html?cPath=&products_id=58864209;1
https://www.linkedin.com/sharing/share-offsite?mini=true&url=https://www.aurea-immobilier.fr/fiches/_58864209/maison-verneuil-sur-seine-5-pieces.html?cPath=&products_id=58864209;1
https://www.facebook.com/sharer/sharer.php?u=https://www.aurea-immobilier.fr/fiches/_61507497/appartement-1-piece-s.html;1
https://twitter.com/intent/tweet?url=https://www.aurea-immobilier.fr/fiches/_61507497/appartement-1-piece-s.html?cPath=&products_id=61507497;1
https://www.linkedin.com/sharing/share-offsite?mini=true&url=https://www.aurea-immobilier.fr/fiches/_61507497/appartement-1-piece-s.html?cPath=&products_id=61507497;1
https://www.facebook.com/sharer/sharer.php?u=https://www.aurea-immobilier.fr/fiches/_59083377/studio-refait-a-neuf-de-16-41m2-a-evreux.html;1
https://twitter.com/intent/tweet?url=https://www.aurea-immobilier.fr/fiches/_59083377/studio-refait-a-neuf-de-16-41m2-a-evreux.html?cPath=&products_id=59083377;1
https://www.linkedin.com/sharing/share-offsite?mini=true&url=https://www.aurea-immobilier.fr/fiches/_59083377/studio-refait-a-neuf-de-16-41m2-a-evreux.html?cPath=&products_id=59083377;1
https://www.facebook.com/sharer/sharer.php?u=https://www.aurea-immobilier.fr/fiches/_61190328/appartement-2-pieces-47-54-m2-a-juziers.html;1
https://twitter.com/intent/tweet?url=https://www.aurea-immobilier.fr/fiches/_61190328/appartement-2-pieces-47-54-m2-a-juziers.html?cPath=&products_id=61190328;1
https://www.linkedin.com/sharing/share-offsite?mini=true&url=https://www.aurea-immobilier.fr/fiches/_61190328/appartement-2-pieces-47-54-m2-a-juziers.html?cPath=&products_id=61190328;1
https://www.facebook.com/sharer/sharer.php?u=https://www.aurea-immobilier.fr/fiches/_60655527/immeuble-de-rapport-sur-mantes-la-jolie.html;1
https://twitter.com/intent/tweet?url=https://www.aurea-immobilier.fr/fiches/_60655527/immeuble-de-rapport-sur-mantes-la-jolie.html?cPath=&products_id=60655527;1
https://www.linkedin.com/sharing/share-offsite?mini=true&url=https://www.aurea-immobilier.fr/fiches/_60655527/immeuble-de-rapport-sur-mantes-la-jolie.html?cPath=&products_id=60655527;1
https://www.facebook.com/sharer/sharer.php?u=https://www.aurea-immobilier.fr/fiches/_58637843/appartement-mantes-la-jolie-4pieces.html;1
https://twitter.com/intent/tweet?url=https://www.aurea-immobilier.fr/fiches/_58637843/appartement-mantes-la-jolie-4pieces.html?cPath=&products_id=58637843;1
https://www.linkedin.com/sharing/share-offsite?mini=true&url=https://www.aurea-immobilier.fr/fiches/_58637843/appartement-mantes-la-jolie-4pieces.html?cPath=&products_id=58637843;1
https://www.facebook.com/sharer/sharer.php?u=https://www.aurea-immobilier.fr/fiches/_58305605/maison-mantes-la-ville-110m2.html;1
https://twitter.com/intent/tweet?url=https://www.aurea-immobilier.fr/fiches/_58305605/maison-mantes-la-ville-110m2.html?cPath=&products_id=58305605;1
https://www.linkedin.com/sharing/share-offsite?mini=true&url=https://www.aurea-immobilier.fr/fiches/_58305605/maison-mantes-la-ville-110m2.html?cPath=&products_id=58305605;1
https://www.facebook.com/sharer/sharer.php?u=https://www.aurea-immobilier.fr/fiches/_60550074/maison-le-cormier-5-piece-s-144-m2.html;1
https://twitter.com/intent/tweet?url=https://www.aurea-immobilier.fr/fiches/_60550074/maison-le-cormier-5-piece-s-144-m2.html?cPath=&products_id=60550074;1
https://www.linkedin.com/sharing/share-offsite?mini=true&url=https://www.aurea-immobilier.fr/fiches/_60550074/maison-le-cormier-5-piece-s-144-m2.html?cPath=&products_id=60550074;1
https://www.facebook.com/sharer/sharer.php?u=https://www.aurea-immobilier.fr/fiches/_60705368/maison-arthies-6-pieces.html;1
https://twitter.com/intent/tweet?url=https://www.aurea-immobilier.fr/fiches/_60705368/maison-arthies-6-pieces.html?cPath=&products_id=60705368;1
https://www.linkedin.com/sharing/share-offsite?mini=true&url=https://www.aurea-immobilier.fr/fiches/_60705368/maison-arthies-6-pieces.html?cPath=&products_id=60705368;1
